country,year_month,protest_count,protest_any,violence_count,violence_any,fatalities,protest_days,violence_any_t1,violence_count_t1,escalation,protest_count_t_1,protest_growth,recent_violence,year,protest_count_dm,protest_growth_dm,recent_violence_dm,protest_count_t_2,protest_acceleration,democracy_index,inflation,gdp_growth,unemployment,inflation_lag1,gdp_growth_lag1,unemployment_lag1,gini,escalation_transition,escalation_spike,gdp_growth_lag1_missing,inflation_lag1_missing,unemployment_lag1_missing,democracy_index_dm,protest_acceleration_dm,gdp_growth_lag1_dm,inflation_lag1_dm,unemployment_lag1_dm,risk,actual,risk_bin
Argentina,2024-01,150,1,5,1,0,28,1.0,6.0,1,134.0,16.0,1,2024,-37.448275862068954,14.672413793103448,0.0,120.0,2.0,6.51,219.883929014578,-1.34293072157739,7.15,133.488935594175,-1.85578803046339,6.139,42.4,0,0,0,0,0,-0.41689655172413786,3.2241379310344827,-2.199278239062805,83.46374376239872,-3.115396551724138,0.900378391793864,0,"(0.753, 0.988]"
Argentina,2024-02,120,1,6,1,0,22,1.0,4.0,1,150.0,-30.0,1,2024,-67.44827586206895,-31.32758620689655,0.0,134.0,-46.0,6.51,219.883929014578,-1.34293072157739,7.15,219.883929014578,-1.34293072157739,7.15,42.4,0,0,0,0,0,-0.41689655172413786,-44.775862068965516,-1.6864209301768052,169.85873718280175,-2.104396551724138,0.9854375730408984,0,"(0.753, 0.988]"
Argentina,2024-03,139,1,4,1,0,25,1.0,4.0,1,120.0,19.0,1,2024,-48.448275862068954,17.67241379310345,0.0,150.0,49.0,6.51,219.883929014578,-1.34293072157739,7.15,219.883929014578,-1.34293072157739,7.15,42.4,0,0,0,0,0,-0.41689655172413786,50.224137931034484,-1.6864209301768052,169.85873718280175,-2.104396551724138,0.9851120794911115,0,"(0.753, 0.988]"
Argentina,2024-04,118,1,4,1,0,23,1.0,16.0,1,139.0,-21.0,1,2024,-69.44827586206895,-22.32758620689655,0.0,120.0,-40.0,6.51,219.883929014578,-1.34293072157739,7.15,219.883929014578,-1.34293072157739,7.15,42.4,0,1,0,0,0,-0.41689655172413786,-38.775862068965516,-1.6864209301768052,169.85873718280175,-2.104396551724138,0.9857111719772697,1,"(0.753, 0.988]"
Argentina,2024-05,151,1,16,1,3,26,1.0,8.0,1,118.0,33.0,1,2024,-36.448275862068954,31.67241379310345,0.0,139.0,54.0,6.51,219.883929014578,-1.34293072157739,7.15,219.883929014578,-1.34293072157739,7.15,42.4,0,0,0,0,0,-0.41689655172413786,55.224137931034484,-1.6864209301768052,169.85873718280175,-2.104396551724138,0.9846558011711268,0,"(0.753, 0.988]"
Argentina,2024-06,97,1,8,1,0,25,1.0,9.0,1,151.0,-54.0,1,2024,-90.44827586206895,-55.327586206896555,0.0,118.0,-87.0,6.51,219.883929014578,-1.34293072157739,7.15,219.883929014578,-1.34293072157739,7.15,42.4,0,0,0,0,0,-0.41689655172413786,-85.77586206896552,-1.6864209301768052,169.85873718280175,-2.104396551724138,0.9863512856534998,0,"(0.753, 0.988]"
Argentina,2024-07,84,1,9,1,0,28,1.0,3.0,1,97.0,-13.0,1,2024,-103.44827586206895,-14.327586206896552,0.0,151.0,41.0,6.51,219.883929014578,-1.34293072157739,7.15,219.883929014578,-1.34293072157739,7.15,42.4,0,0,0,0,0,-0.41689655172413786,42.224137931034484,-1.6864209301768052,169.85873718280175,-2.104396551724138,0.9875471391328356,0,"(0.753, 0.988]"
Argentina,2024-08,86,1,3,1,0,27,1.0,9.0,1,84.0,2.0,1,2024,-101.44827586206895,0.6724137931034482,0.0,97.0,15.0,6.51,219.883929014578,-1.34293072157739,7.15,219.883929014578,-1.34293072157739,7.15,42.4,0,1,0,0,0,-0.41689655172413786,16.224137931034484,-1.6864209301768052,169.85873718280175,-2.104396551724138,0.987721482708248,1,"(0.753, 0.988]"
Argentina,2024-09,94,1,9,1,0,23,1.0,16.0,1,86.0,8.0,1,2024,-93.44827586206895,6.672413793103448,0.0,84.0,6.0,6.51,219.883929014578,-1.34293072157739,7.15,219.883929014578,-1.34293072157739,7.15,42.4,0,1,0,0,0,-0.41689655172413786,7.224137931034482,-1.6864209301768052,169.85873718280175,-2.104396551724138,0.98743297088657,1,"(0.753, 0.988]"
Argentina,2024-10,297,1,16,1,0,28,1.0,5.0,1,94.0,203.0,1,2024,109.55172413793105,201.67241379310346,0.0,86.0,195.0,6.51,219.883929014578,-1.34293072157739,7.15,219.883929014578,-1.34293072157739,7.15,42.4,0,0,0,0,0,-0.41689655172413786,196.22413793103448,-1.6864209301768052,169.85873718280175,-2.104396551724138,0.9776836093679158,0,"(0.753, 0.988]"
Argentina,2024-11,119,1,5,1,0,25,1.0,9.0,1,297.0,-178.0,1,2024,-68.44827586206895,-179.32758620689654,0.0,94.0,-381.0,6.51,219.883929014578,-1.34293072157739,7.15,219.883929014578,-1.34293072157739,7.15,42.4,0,1,0,0,0,-0.41689655172413786,-379.7758620689655,-1.6864209301768052,169.85873718280175,-2.104396551724138,0.9830375168892764,1,"(0.753, 0.988]"
Argentina,2024-12,83,1,9,1,0,27,1.0,4.0,1,119.0,-36.0,1,2024,-104.44827586206895,-37.327586206896555,0.0,297.0,142.0,6.51,219.883929014578,-1.34293072157739,7.15,219.883929014578,-1.34293072157739,7.15,42.4,0,0,0,0,0,-0.41689655172413786,143.22413793103448,-1.6864209301768052,169.85873718280175,-2.104396551724138,0.9870889720417473,0,"(0.753, 0.988]"
Bolivia,2024-01,157,1,19,1,2,26,1.0,10.0,1,52.0,105.0,1,2024,100.93103448275862,104.51724137931035,0.0,89.0,142.0,4.26,5.09976568317427,-1.12335595517212,3.274,2.57688800489192,2.51636590154891,3.024,,0,0,0,0,0,-0.6703448275862067,142.48275862068965,1.5066050176107306,1.086985837414916,-1.7668448275862074,0.4561334345436254,0,"(0.416, 0.478]"
Bolivia,2024-02,57,1,10,1,0,21,1.0,11.0,1,157.0,-100.0,1,2024,0.9310344827586192,-100.48275862068965,0.0,52.0,-205.0,4.26,5.09976568317427,-1.12335595517212,3.274,5.09976568317427,-1.12335595517212,3.274,,0,0,0,0,0,-0.6703448275862067,-204.51724137931035,-2.1331168391102997,3.6098635156972656,-1.5168448275862074,0.5222989372252954,0,"(0.509, 0.525]"
Bolivia,2024-03,50,1,11,1,0,23,1.0,6.0,1,57.0,-7.0,1,2024,-6.068965517241381,-7.482758620689655,0.0,157.0,93.0,4.26,5.09976568317427,-1.12335595517212,3.274,5.09976568317427,-1.12335595517212,3.274,,0,0,0,0,0,-0.6703448275862067,93.48275862068965,-2.1331168391102997,3.6098635156972656,-1.5168448275862074,0.5519035668526244,0,"(0.546, 0.621]"
Bolivia,2024-04,99,1,6,1,0,26,1.0,16.0,1,50.0,49.0,1,2024,42.93103448275862,48.51724137931034,0.0,57.0,56.0,4.26,5.09976568317427,-1.12335595517212,3.274,5.09976568317427,-1.12335595517212,3.274,,0,1,0,0,0,-0.6703448275862067,56.48275862068966,-2.1331168391102997,3.6098635156972656,-1.5168448275862074,0.5218989282443692,1,"(0.509, 0.525]"
Bolivia,2024-05,124,1,16,1,7,27,1.0,12.0,1,99.0,25.0,1,2024,67.93103448275862,24.517241379310345,0.0,50.0,-24.0,4.26,5.09976568317427,-1.12335595517212,3.274,5.09976568317427,-1.12335595517212,3.274,,0,0,0,0,0,-0.6703448275862067,-23.517241379310345,-2.1331168391102997,3.6098635156972656,-1.5168448275862074,0.49088907412872623,0,"(0.478, 0.492]"
Bolivia,2024-06,132,1,12,1,0,26,1.0,13.0,1,124.0,8.0,1,2024,75.93103448275862,7.517241379310345,0.0,99.0,-17.0,4.26,5.09976568317427,-1.12335595517212,3.274,5.09976568317427,-1.12335595517212,3.274,,0,0,0,0,0,-0.6703448275862067,-16.517241379310345,-2.1331168391102997,3.6098635156972656,-1.5168448275862074,0.47707623042082886,0,"(0.416, 0.478]"
Bolivia,2024-07,113,1,13,1,2,24,1.0,11.0,1,132.0,-19.0,1,2024,56.93103448275862,-19.482758620689655,0.0,124.0,-27.0,4.26,5.09976568317427,-1.12335595517212,3.274,5.09976568317427,-1.12335595517212,3.274,,0,0,0,0,0,-0.6703448275862067,-26.517241379310345,-2.1331168391102997,3.6098635156972656,-1.5168448275862074,0.4876664283997372,0,"(0.478, 0.492]"
Bolivia,2024-08,108,1,11,1,1,25,1.0,29.0,1,113.0,-5.0,1,2024,51.93103448275862,-5.482758620689655,0.0,132.0,14.0,4.26,5.09976568317427,-1.12335595517212,3.274,5.09976568317427,-1.12335595517212,3.274,,0,1,0,0,0,-0.6703448275862067,14.482758620689655,-2.1331168391102997,3.6098635156972656,-1.5168448275862074,0.4962319192515647,1,"(0.492, 0.509]"
Bolivia,2024-09,137,1,29,1,2,26,1.0,22.0,1,108.0,29.0,1,2024,80.93103448275862,28.517241379310345,0.0,113.0,34.0,4.26,5.09976568317427,-1.12335595517212,3.274,5.09976568317427,-1.12335595517212,3.274,,0,0,0,0,0,-0.6703448275862067,34.48275862068966,-2.1331168391102997,3.6098635156972656,-1.5168448275862074,0.4775775746509675,0,"(0.416, 0.478]"
Bolivia,2024-10,260,1,22,1,0,28,1.0,14.0,1,137.0,123.0,1,2024,203.9310344827586,122.51724137931035,0.0,108.0,94.0,4.26,5.09976568317427,-1.12335595517212,3.274,5.09976568317427,-1.12335595517212,3.274,,0,0,0,0,0,-0.6703448275862067,94.48275862068965,-2.1331168391102997,3.6098635156972656,-1.5168448275862074,0.3846935866495571,0,"(0.23, 0.416]"
Bolivia,2024-11,172,1,14,1,0,24,1.0,12.0,1,260.0,-88.0,1,2024,115.93103448275862,-88.48275862068965,0.0,137.0,-211.0,4.26,5.09976568317427,-1.12335595517212,3.274,5.09976568317427,-1.12335595517212,3.274,,0,0,0,0,0,-0.6703448275862067,-210.51724137931035,-2.1331168391102997,3.6098635156972656,-1.5168448275862074,0.41122345536486016,0,"(0.23, 0.416]"
Bolivia,2024-12,57,1,12,1,0,21,1.0,10.0,1,172.0,-115.0,1,2024,0.9310344827586192,-115.48275862068965,0.0,260.0,-27.0,4.26,5.09976568317427,-1.12335595517212,3.274,5.09976568317427,-1.12335595517212,3.274,,0,0,0,0,0,-0.6703448275862067,-26.517241379310345,-2.1331168391102997,3.6098635156972656,-1.5168448275862074,0.5127701331539072,0,"(0.509, 0.525]"
Brazil,2024-01,91,1,430,1,347,27,1.0,362.0,1,78.0,13.0,1,2024,-247.63793103448273,16.741379310344826,0.0,93.0,28.0,6.49,4.36746407652337,3.41931516597739,6.801,4.59356282283204,3.24165532813583,7.947,,0,0,0,0,0,-0.38482758620689683,48.05172413793103,1.7712509635578875,-1.0159435250888116,-4.167689655172414,0.7489283597510019,0,"(0.621, 0.753]"
Brazil,2024-02,50,1,362,1,319,21,1.0,414.0,1,91.0,-41.0,1,2024,-288.63793103448273,-37.258620689655174,0.0,78.0,-54.0,6.49,4.36746407652337,3.41931516597739,6.801,4.36746407652337,3.41931516597739,6.801,,0,0,0,0,0,-0.38482758620689683,-33.94827586206897,1.9489108013994478,-1.242042271397482,-5.313689655172414,0.770137376058368,0,"(0.753, 0.988]"
Brazil,2024-03,139,1,414,1,359,26,1.0,388.0,1,50.0,89.0,1,2024,-199.63793103448273,92.74137931034483,0.0,91.0,130.0,6.49,4.36746407652337,3.41931516597739,6.801,4.36746407652337,3.41931516597739,6.801,,0,0,0,0,0,-0.38482758620689683,150.05172413793105,1.9489108013994478,-1.242042271397482,-5.313689655172414,0.7312079292952148,0,"(0.621, 0.753]"
Brazil,2024-04,95,1,388,1,332,29,1.0,367.0,1,139.0,-44.0,1,2024,-243.63793103448273,-40.258620689655174,0.0,50.0,-133.0,6.49,4.36746407652337,3.41931516597739,6.801,4.36746407652337,3.41931516597739,6.801,,0,0,0,0,0,-0.38482758620689683,-112.94827586206897,1.9489108013994478,-1.242042271397482,-5.313689655172414,0.7372277746904508,0,"(0.621, 0.753]"
Brazil,2024-05,90,1,367,1,305,26,1.0,372.0,1,95.0,-5.0,1,2024,-248.63793103448273,-1.2586206896551726,0.0,139.0,39.0,6.49,4.36746407652337,3.41931516597739,6.801,4.36746407652337,3.41931516597739,6.801,,0,0,0,0,0,-0.38482758620689683,59.05172413793103,1.9489108013994478,-1.242042271397482,-5.313689655172414,0.7474401386276481,0,"(0.621, 0.753]"
Brazil,2024-06,83,1,372,1,315,23,1.0,366.0,1,90.0,-7.0,1,2024,-255.63793103448273,-3.2586206896551726,0.0,95.0,-2.0,6.49,4.36746407652337,3.41931516597739,6.801,4.36746407652337,3.41931516597739,6.801,,0,0,0,0,0,-0.38482758620689683,18.051724137931036,1.9489108013994478,-1.242042271397482,-5.313689655172414,0.7530460873410844,0,"(0.621, 0.753]"
Brazil,2024-07,76,1,366,1,303,25,1.0,462.0,1,83.0,-7.0,1,2024,-262.63793103448273,-3.2586206896551726,0.0,90.0,0.0,6.49,4.36746407652337,3.41931516597739,6.801,4.36746407652337,3.41931516597739,6.801,,0,0,0,0,0,-0.38482758620689683,20.051724137931036,1.9489108013994478,-1.242042271397482,-5.313689655172414,0.7582283929607835,0,"(0.753, 0.988]"
Brazil,2024-08,62,1,462,1,363,24,1.0,488.0,1,76.0,-14.0,1,2024,-276.63793103448273,-10.258620689655173,0.0,83.0,-7.0,6.49,4.36746407652337,3.41931516597739,6.801,4.36746407652337,3.41931516597739,6.801,,0,0,0,0,0,-0.38482758620689683,13.051724137931036,1.9489108013994478,-1.242042271397482,-5.313689655172414,0.7669374065269827,0,"(0.753, 0.988]"
Brazil,2024-09,85,1,488,1,379,27,1.0,470.0,1,62.0,23.0,1,2024,-253.63793103448273,26.741379310344826,0.0,76.0,37.0,6.49,4.36746407652337,3.41931516597739,6.801,4.36746407652337,3.41931516597739,6.801,,0,0,0,0,0,-0.38482758620689683,57.05172413793103,1.9489108013994478,-1.242042271397482,-5.313689655172414,0.7580631403092458,0,"(0.753, 0.988]"
Brazil,2024-10,85,1,470,1,360,27,1.0,434.0,1,85.0,0.0,1,2024,-253.63793103448273,3.7413793103448274,0.0,62.0,-23.0,6.49,4.36746407652337,3.41931516597739,6.801,4.36746407652337,3.41931516597739,6.801,,0,0,0,0,0,-0.38482758620689683,-2.9482758620689644,1.9489108013994478,-1.242042271397482,-5.313689655172414,0.7536547608749555,0,"(0.753, 0.988]"
Brazil,2024-11,99,1,434,1,353,27,1.0,420.0,1,85.0,14.0,1,2024,-239.63793103448273,17.741379310344826,0.0,85.0,14.0,6.49,4.36746407652337,3.41931516597739,6.801,4.36746407652337,3.41931516597739,6.801,,0,0,0,0,0,-0.38482758620689683,34.05172413793103,1.9489108013994478,-1.242042271397482,-5.313689655172414,0.745763423404748,0,"(0.621, 0.753]"
Brazil,2024-12,72,1,420,1,353,26,1.0,441.0,1,99.0,-27.0,1,2024,-266.63793103448273,-23.258620689655174,0.0,85.0,-41.0,6.49,4.36746407652337,3.41931516597739,6.801,4.36746407652337,3.41931516597739,6.801,,0,0,0,0,0,-0.38482758620689683,-20.948275862068964,1.9489108013994478,-1.242042271397482,-5.313689655172414,0.7571674547543952,0,"(0.753, 0.988]"
Chile,2024-01,66,1,21,1,7,22,1.0,18.0,1,65.0,1.0,1,2024,-39.86206896551724,0.5172413793103448,0.0,103.0,39.0,7.83,4.29763891572524,2.64431154871538,8.718,7.58168251407962,0.521367977246825,9.013,,0,0,0,0,0,-0.2682758620689647,41.53448275862069,-1.8450805088217415,2.816207175761207,0.2701034482758615,0.5679484185205935,0,"(0.546, 0.621]"
Chile,2024-02,34,1,18,1,3,15,1.0,23.0,1,66.0,-32.0,1,2024,-71.86206896551724,-32.48275862068966,0.0,65.0,-33.0,7.83,4.29763891572524,2.64431154871538,8.718,4.29763891572524,2.64431154871538,8.718,,0,0,0,0,0,-0.2682758620689647,-30.46551724137931,0.2778630626468135,-0.46783642259317304,-0.024896551724138405,0.56797432783571,0,"(0.546, 0.621]"
Chile,2024-03,120,1,23,1,0,29,1.0,38.0,1,34.0,86.0,1,2024,14.137931034482762,85.51724137931035,0.0,66.0,118.0,7.83,4.29763891572524,2.64431154871538,8.718,4.29763891572524,2.64431154871538,8.718,,0,1,0,0,0,-0.2682758620689647,120.53448275862068,0.2778630626468135,-0.46783642259317304,-0.024896551724138405,0.5162677080902378,1,"(0.509, 0.525]"
Chile,2024-04,112,1,38,1,2,26,1.0,26.0,1,120.0,-8.0,1,2024,6.137931034482762,-8.482758620689655,0.0,34.0,-94.0,7.83,4.29763891572524,2.64431154871538,8.718,4.29763891572524,2.64431154871538,8.718,,0,0,0,0,0,-0.2682758620689647,-91.46551724137932,0.2778630626468135,-0.46783642259317304,-0.024896551724138405,0.4990793415967526,0,"(0.492, 0.509]"
Chile,2024-05,133,1,26,1,3,27,1.0,16.0,1,112.0,21.0,1,2024,27.13793103448276,20.517241379310345,0.0,120.0,29.0,7.83,4.29763891572524,2.64431154871538,8.718,4.29763891572524,2.64431154871538,8.718,,0,0,0,0,0,-0.2682758620689647,31.53448275862069,0.2778630626468135,-0.46783642259317304,-0.024896551724138405,0.4841780263494702,0,"(0.478, 0.492]"
Chile,2024-06,78,1,16,1,3,19,1.0,32.0,1,133.0,-55.0,1,2024,-27.86206896551724,-55.48275862068966,0.0,112.0,-76.0,7.83,4.29763891572524,2.64431154871538,8.718,4.29763891572524,2.64431154871538,8.718,,0,1,0,0,0,-0.2682758620689647,-73.46551724137932,0.2778630626468135,-0.46783642259317304,-0.024896551724138405,0.5175449040264164,1,"(0.509, 0.525]"
Chile,2024-07,123,1,32,1,1,27,1.0,59.0,1,78.0,45.0,1,2024,17.13793103448276,44.51724137931034,0.0,133.0,100.0,7.83,4.29763891572524,2.64431154871538,8.718,4.29763891572524,2.64431154871538,8.718,,0,1,0,0,0,-0.2682758620689647,102.53448275862068,0.2778630626468135,-0.46783642259317304,-0.024896551724138405,0.5002846098679409,1,"(0.492, 0.509]"
Chile,2024-08,186,1,59,1,5,28,1.0,32.0,1,123.0,63.0,1,2024,80.13793103448276,62.51724137931034,0.0,78.0,18.0,7.83,4.29763891572524,2.64431154871538,8.718,4.29763891572524,2.64431154871538,8.718,,0,0,0,0,0,-0.2682758620689647,20.53448275862069,0.2778630626468135,-0.46783642259317304,-0.024896551724138405,0.4449186791360558,0,"(0.416, 0.478]"
Chile,2024-09,95,1,32,1,4,22,1.0,27.0,1,186.0,-91.0,1,2024,-10.862068965517238,-91.48275862068965,0.0,123.0,-154.0,7.83,4.29763891572524,2.64431154871538,8.718,4.29763891572524,2.64431154871538,8.718,,0,0,0,0,0,-0.2682758620689647,-151.4655172413793,0.2778630626468135,-0.46783642259317304,-0.024896551724138405,0.4906247492519483,0,"(0.478, 0.492]"
Chile,2024-10,112,1,27,1,1,28,1.0,26.0,1,95.0,17.0,1,2024,6.137931034482762,16.517241379310345,0.0,186.0,108.0,7.83,4.29763891572524,2.64431154871538,8.718,4.29763891572524,2.64431154871538,8.718,,0,0,0,0,0,-0.2682758620689647,110.53448275862068,0.2778630626468135,-0.46783642259317304,-0.024896551724138405,0.5020144267791526,0,"(0.492, 0.509]"
Chile,2024-11,99,1,26,1,2,22,1.0,15.0,1,112.0,-13.0,1,2024,-6.862068965517238,-13.482758620689655,0.0,95.0,-30.0,7.83,4.29763891572524,2.64431154871538,8.718,4.29763891572524,2.64431154871538,8.718,,0,0,0,0,0,-0.2682758620689647,-27.46551724137931,0.2778630626468135,-0.46783642259317304,-0.024896551724138405,0.5089042075336692,0,"(0.492, 0.509]"
Chile,2024-12,53,1,15,1,2,19,1.0,10.0,1,99.0,-46.0,1,2024,-52.86206896551724,-46.48275862068966,0.0,112.0,-33.0,7.83,4.29763891572524,2.64431154871538,8.718,4.29763891572524,2.64431154871538,8.718,,0,0,0,0,0,-0.2682758620689647,-30.46551724137931,0.2778630626468135,-0.46783642259317304,-0.024896551724138405,0.5445084492459215,0,"(0.531, 0.546]"
Colombia,2024-01,92,1,191,1,148,23,1.0,146.0,1,104.0,-12.0,1,2024,-5.25454545454545,-12.836363636363636,0.0,147.0,31.0,6.35,6.60908593728228,1.5983315366523,9.619,11.7359044948689,0.712380031974334,9.591,,0,0,0,0,0,-0.5074545454545465,32.92727272727273,-2.6103712015403655,7.146620088281622,-2.641054545454546,0.5734029695334563,0,"(0.546, 0.621]"
Colombia,2024-02,142,1,146,1,117,27,1.0,144.0,1,92.0,50.0,1,2024,44.74545454545455,49.163636363636364,0.0,104.0,62.0,6.35,6.60908593728228,1.5983315366523,9.619,6.60908593728228,1.5983315366523,9.619,,0,0,0,0,0,-0.5074545454545465,63.92727272727273,-1.7244196968623993,2.019801530695003,-2.6130545454545455,0.5111228456141248,0,"(0.509, 0.525]"
Colombia,2024-03,147,1,144,1,105,28,1.0,133.0,1,142.0,5.0,1,2024,49.74545454545455,4.163636363636364,0.0,92.0,-45.0,6.35,6.60908593728228,1.5983315366523,9.619,6.60908593728228,1.5983315366523,9.619,,0,0,0,0,0,-0.5074545454545465,-43.07272727272727,-1.7244196968623993,2.019801530695003,-2.6130545454545455,0.4941206783021509,0,"(0.492, 0.509]"
Colombia,2024-04,219,1,133,1,67,29,1.0,119.0,1,147.0,72.0,1,2024,121.74545454545455,71.16363636363636,0.0,142.0,67.0,6.35,6.60908593728228,1.5983315366523,9.619,6.60908593728228,1.5983315366523,9.619,,0,0,0,0,0,-0.5074545454545465,68.92727272727272,-1.7244196968623993,2.019801530695003,-2.6130545454545455,0.44072494919780897,0,"(0.416, 0.478]"
Colombia,2024-05,159,1,119,1,76,29,1.0,116.0,1,219.0,-60.0,1,2024,61.74545454545455,-60.836363636363636,0.0,147.0,-132.0,6.35,6.60908593728228,1.5983315366523,9.619,6.60908593728228,1.5983315366523,9.619,,0,0,0,0,0,-0.5074545454545465,-130.07272727272726,-1.7244196968623993,2.019801530695003,-2.6130545454545455,0.4630450084393484,0,"(0.416, 0.478]"
Colombia,2024-06,123,1,116,1,100,26,1.0,103.0,1,159.0,-36.0,1,2024,25.74545454545455,-36.836363636363636,0.0,219.0,24.0,6.35,6.60908593728228,1.5983315366523,9.619,6.60908593728228,1.5983315366523,9.619,,0,0,0,0,0,-0.5074545454545465,25.927272727272726,-1.7244196968623993,2.019801530695003,-2.6130545454545455,0.5031340140524688,0,"(0.492, 0.509]"
Colombia,2024-07,134,1,103,1,59,29,1.0,148.0,1,123.0,11.0,1,2024,36.74545454545455,10.163636363636364,0.0,159.0,47.0,6.35,6.60908593728228,1.5983315366523,9.619,6.60908593728228,1.5983315366523,9.619,,0,0,0,0,0,-0.5074545454545465,48.92727272727273,-1.7244196968623993,2.019801530695003,-2.6130545454545455,0.5068202313659241,0,"(0.492, 0.509]"
Colombia,2024-08,119,1,148,1,116,24,1.0,126.0,1,134.0,-15.0,1,2024,21.74545454545455,-15.836363636363636,0.0,123.0,-26.0,6.35,6.60908593728228,1.5983315366523,9.619,6.60908593728228,1.5983315366523,9.619,,0,0,0,0,0,-0.5074545454545465,-24.072727272727274,-1.7244196968623993,2.019801530695003,-2.6130545454545455,0.5153460217685558,0,"(0.509, 0.525]"
Colombia,2024-09,279,1,126,1,79,26,1.0,142.0,1,119.0,160.0,1,2024,181.74545454545455,159.16363636363636,0.0,134.0,175.0,6.35,6.60908593728228,1.5983315366523,9.619,6.60908593728228,1.5983315366523,9.619,,0,0,0,0,0,-0.5074545454545465,176.92727272727274,-1.7244196968623993,2.019801530695003,-2.6130545454545455,0.40696506050667003,0,"(0.23, 0.416]"
Colombia,2024-10,168,1,142,1,107,28,1.0,126.0,1,279.0,-111.0,1,2024,70.74545454545455,-111.83636363636364,0.0,119.0,-271.0,6.35,6.60908593728228,1.5983315366523,9.619,6.60908593728228,1.5983315366523,9.619,,0,0,0,0,0,-0.5074545454545465,-269.07272727272726,-1.7244196968623993,2.019801530695003,-2.6130545454545455,0.44107615480792983,0,"(0.416, 0.478]"
Colombia,2024-11,128,1,126,1,99,29,1.0,110.0,1,168.0,-40.0,1,2024,30.74545454545455,-40.836363636363636,0.0,279.0,71.0,6.35,6.60908593728228,1.5983315366523,9.619,6.60908593728228,1.5983315366523,9.619,,0,0,0,0,0,-0.5074545454545465,72.92727272727272,-1.7244196968623993,2.019801530695003,-2.6130545454545455,0.49555307553732747,0,"(0.492, 0.509]"
Colombia,2024-12,84,1,110,1,98,25,1.0,129.0,1,128.0,-44.0,1,2024,-13.25454545454545,-44.836363636363636,0.0,168.0,-4.0,6.35,6.60908593728228,1.5983315366523,9.619,6.60908593728228,1.5983315366523,9.619,,0,0,0,0,0,-0.5074545454545465,-2.0727272727272728,-1.7244196968623993,2.019801530695003,-2.6130545454545455,0.540535237465876,0,"(0.531, 0.546]"
Costa Rica,2024-01,6,1,2,1,0,5,1.0,1.0,1,5.0,1.0,1,2024,-20.137931034482758,1.396551724137931,0.12068965517241381,6.0,2.0,8.29,-0.412853001047069,4.32122429646145,6.936,0.525193508693455,5.11192183224598,8.325,45.8,0,0,0,0,0,0.14344827586206854,2.3620689655172415,2.494673643548662,-2.4062549272296154,-4.2995,0.4935422827965522,0,"(0.492, 0.509]"
Costa Rica,2024-02,20,1,1,1,1,12,1.0,2.0,1,6.0,14.0,1,2024,-6.137931034482758,14.39655172413793,0.12068965517241381,5.0,13.0,8.29,-0.412853001047069,4.32122429646145,6.936,-0.412853001047069,4.32122429646145,6.936,45.8,0,1,0,0,0,0.14344827586206854,13.362068965517242,1.7039761077641318,-3.34430143697014,-5.6884999999999994,0.48626698252174183,1,"(0.478, 0.492]"
Costa Rica,2024-03,21,1,2,1,1,16,1.0,9.0,1,20.0,1.0,1,2024,-5.137931034482758,1.396551724137931,0.12068965517241381,6.0,-13.0,8.29,-0.412853001047069,4.32122429646145,6.936,-0.412853001047069,4.32122429646145,6.936,45.8,0,1,0,0,0,0.14344827586206854,-12.637931034482758,1.7039761077641318,-3.34430143697014,-5.6884999999999994,0.4816804886820805,1,"(0.478, 0.492]"
Costa Rica,2024-04,33,1,9,1,1,11,1.0,3.0,1,21.0,12.0,1,2024,6.862068965517242,12.39655172413793,0.12068965517241381,20.0,11.0,8.29,-0.412853001047069,4.32122429646145,6.936,-0.412853001047069,4.32122429646145,6.936,45.8,0,0,0,0,0,0.14344827586206854,11.362068965517242,1.7039761077641318,-3.34430143697014,-5.6884999999999994,0.472560702087306,0,"(0.416, 0.478]"
Costa Rica,2024-05,23,1,3,1,1,14,1.0,2.0,1,33.0,-10.0,1,2024,-3.137931034482758,-9.60344827586207,0.12068965517241381,21.0,-22.0,8.29,-0.412853001047069,4.32122429646145,6.936,-0.412853001047069,4.32122429646145,6.936,45.8,0,0,0,0,0,0.14344827586206854,-21.637931034482758,1.7039761077641318,-3.34430143697014,-5.6884999999999994,0.4763019745899329,0,"(0.416, 0.478]"
Costa Rica,2024-06,5,1,2,1,0,5,0.0,0.0,0,23.0,-18.0,1,2024,-21.137931034482758,-17.603448275862068,0.12068965517241381,33.0,-8.0,8.29,-0.412853001047069,4.32122429646145,6.936,-0.412853001047069,4.32122429646145,6.936,45.8,0,0,0,0,0,0.14344827586206854,-7.637931034482759,1.7039761077641318,-3.34430143697014,-5.6884999999999994,0.4914774472709439,0,"(0.478, 0.492]"
Costa Rica,2024-07,19,1,0,0,0,15,1.0,2.0,1,5.0,14.0,1,2024,-7.137931034482758,14.39655172413793,0.12068965517241381,23.0,32.0,8.29,-0.412853001047069,4.32122429646145,6.936,-0.412853001047069,4.32122429646145,6.936,45.8,1,1,0,0,0,0.14344827586206854,32.36206896551724,1.7039761077641318,-3.34430143697014,-5.6884999999999994,0.48678237372997857,1,"(0.478, 0.492]"
Costa Rica,2024-08,32,1,2,1,1,11,1.0,2.0,1,19.0,13.0,1,2024,5.862068965517242,13.39655172413793,0.12068965517241381,5.0,-1.0,8.29,-0.412853001047069,4.32122429646145,6.936,-0.412853001047069,4.32122429646145,6.936,45.8,0,0,0,0,0,0.14344827586206854,-0.6379310344827587,1.7039761077641318,-3.34430143697014,-5.6884999999999994,0.474205350808425,0,"(0.416, 0.478]"
Costa Rica,2024-09,14,1,2,1,0,10,1.0,2.0,1,32.0,-18.0,1,2024,-12.137931034482758,-17.603448275862068,0.12068965517241381,19.0,-31.0,8.29,-0.412853001047069,4.32122429646145,6.936,-0.412853001047069,4.32122429646145,6.936,45.8,0,0,0,0,0,0.14344827586206854,-30.637931034482758,1.7039761077641318,-3.34430143697014,-5.6884999999999994,0.4829930104061323,0,"(0.478, 0.492]"
Costa Rica,2024-10,15,1,2,1,1,8,0.0,0.0,0,14.0,1.0,1,2024,-11.137931034482758,1.396551724137931,0.12068965517241381,32.0,19.0,8.29,-0.412853001047069,4.32122429646145,6.936,-0.412853001047069,4.32122429646145,6.936,45.8,0,0,0,0,0,0.14344827586206854,19.362068965517242,1.7039761077641318,-3.34430143697014,-5.6884999999999994,0.48690203325858933,0,"(0.478, 0.492]"
Costa Rica,2024-11,9,1,0,0,0,7,1.0,2.0,1,15.0,-6.0,1,2024,-17.137931034482758,-5.603448275862069,0.12068965517241381,14.0,-7.0,8.29,-0.412853001047069,4.32122429646145,6.936,-0.412853001047069,4.32122429646145,6.936,45.8,1,1,0,0,0,0.14344827586206854,-6.637931034482759,1.7039761077641318,-3.34430143697014,-5.6884999999999994,0.49134226831001304,1,"(0.478, 0.492]"
Costa Rica,2024-12,6,1,2,1,3,6,1.0,1.0,1,9.0,-3.0,1,2024,-20.137931034482758,-2.603448275862069,0.12068965517241381,15.0,3.0,8.29,-0.412853001047069,4.32122429646145,6.936,-0.412853001047069,4.32122429646145,6.936,45.8,0,0,0,0,0,0.14344827586206854,3.3620689655172415,1.7039761077641318,-3.34430143697014,-5.6884999999999994,0.49509344530838806,0,"(0.492, 0.509]"
Ecuador,2024-01,23,1,147,1,102,15,1.0,113.0,1,31.0,-8.0,1,2024,-20.36206896551724,-8.241379310344827,0.0,31.0,-8.0,5.24,1.54732515615369,-2.00125476341026,3.453,2.21568764237058,1.98823813984235,3.51,45.2,0,0,0,0,0,-0.7775862068965509,-8.172413793103448,0.6064051869294793,1.588318170898472,-0.8496034482758619,0.5490373888643564,0,"(0.546, 0.621]"
Ecuador,2024-02,19,1,113,1,99,9,1.0,146.0,1,23.0,-4.0,1,2024,-24.36206896551724,-4.241379310344827,0.0,31.0,4.0,5.24,1.54732515615369,-2.00125476341026,3.453,1.54732515615369,-2.00125476341026,3.453,45.2,0,0,0,0,0,-0.7775862068965509,3.8275862068965516,-3.383087716323131,0.9199556846815822,-0.9066034482758618,0.5614584220652364,0,"(0.546, 0.621]"
Ecuador,2024-03,35,1,146,1,155,16,1.0,127.0,1,19.0,16.0,1,2024,-8.362068965517238,15.758620689655173,0.0,23.0,20.0,5.24,1.54732515615369,-2.00125476341026,3.453,1.54732515615369,-2.00125476341026,3.453,45.2,0,0,0,0,0,-0.7775862068965509,19.82758620689655,-3.383087716323131,0.9199556846815822,-0.9066034482758618,0.5515639209510237,0,"(0.546, 0.621]"
Ecuador,2024-04,47,1,127,1,145,18,1.0,193.0,1,35.0,12.0,1,2024,3.6379310344827616,11.758620689655173,0.0,19.0,-4.0,5.24,1.54732515615369,-2.00125476341026,3.453,1.54732515615369,-2.00125476341026,3.453,45.2,0,1,0,0,0,-0.7775862068965509,-4.172413793103448,-3.383087716323131,0.9199556846815822,-0.9066034482758618,0.5388657574466433,1,"(0.531, 0.546]"
Ecuador,2024-05,54,1,193,1,223,20,1.0,186.0,1,47.0,7.0,1,2024,10.637931034482762,6.758620689655173,0.0,35.0,-5.0,5.24,1.54732515615369,-2.00125476341026,3.453,1.54732515615369,-2.00125476341026,3.453,45.2,0,0,0,0,0,-0.7775862068965509,-5.172413793103448,-3.383087716323131,0.9199556846815822,-0.9066034482758618,0.5302273062619968,0,"(0.525, 0.531]"
Ecuador,2024-06,34,1,186,1,218,19,1.0,198.0,1,54.0,-20.0,1,2024,-9.362068965517238,-20.24137931034483,0.0,47.0,-27.0,5.24,1.54732515615369,-2.00125476341026,3.453,1.54732515615369,-2.00125476341026,3.453,45.2,0,0,0,0,0,-0.7775862068965509,-27.17241379310345,-3.383087716323131,0.9199556846815822,-0.9066034482758618,0.542089969317001,0,"(0.531, 0.546]"
Ecuador,2024-07,34,1,198,1,211,17,1.0,191.0,1,34.0,0.0,1,2024,-9.362068965517238,-0.2413793103448276,0.0,54.0,20.0,5.24,1.54732515615369,-2.00125476341026,3.453,1.54732515615369,-2.00125476341026,3.453,45.2,0,0,0,0,0,-0.7775862068965509,19.82758620689655,-3.383087716323131,0.9199556846815822,-0.9066034482758618,0.5473751694663371,0,"(0.546, 0.621]"
Ecuador,2024-08,22,1,191,1,229,16,1.0,188.0,1,34.0,-12.0,1,2024,-21.36206896551724,-12.241379310344827,0.0,34.0,-12.0,5.24,1.54732515615369,-2.00125476341026,3.453,1.54732515615369,-2.00125476341026,3.453,45.2,0,0,0,0,0,-0.7775862068965509,-12.172413793103448,-3.383087716323131,0.9199556846815822,-0.9066034482758618,0.5562976698071862,0,"(0.546, 0.621]"
Ecuador,2024-09,15,1,188,1,222,10,1.0,185.0,1,22.0,-7.0,1,2024,-28.36206896551724,-7.241379310344827,0.0,34.0,5.0,5.24,1.54732515615369,-2.00125476341026,3.453,1.54732515615369,-2.00125476341026,3.453,45.2,0,0,0,0,0,-0.7775862068965509,4.827586206896552,-3.383087716323131,0.9199556846815822,-0.9066034482758618,0.5644410821815399,0,"(0.546, 0.621]"
Ecuador,2024-10,13,1,185,1,230,9,1.0,177.0,1,15.0,-2.0,1,2024,-30.36206896551724,-2.2413793103448274,0.0,22.0,5.0,5.24,1.54732515615369,-2.00125476341026,3.453,1.54732515615369,-2.00125476341026,3.453,45.2,0,0,0,0,0,-0.7775862068965509,4.827586206896552,-3.383087716323131,0.9199556846815822,-0.9066034482758618,0.568033984958546,0,"(0.546, 0.621]"
Ecuador,2024-11,28,1,177,1,222,11,1.0,177.0,1,13.0,15.0,1,2024,-15.362068965517238,14.758620689655173,0.0,15.0,17.0,5.24,1.54732515615369,-2.00125476341026,3.453,1.54732515615369,-2.00125476341026,3.453,45.2,0,0,0,0,0,-0.7775862068965509,16.82758620689655,-3.383087716323131,0.9199556846815822,-0.9066034482758618,0.5583006252660185,0,"(0.546, 0.621]"
Ecuador,2024-12,13,1,177,1,205,8,1.0,256.0,1,28.0,-15.0,1,2024,-30.36206896551724,-15.241379310344827,0.0,13.0,-30.0,5.24,1.54732515615369,-2.00125476341026,3.453,1.54732515615369,-2.00125476341026,3.453,45.2,0,0,0,0,0,-0.7775862068965509,-30.17241379310345,-3.383087716323131,0.9199556846815822,-0.9066034482758618,0.5647455905043285,0,"(0.546, 0.621]"
El Salvador,2024-01,3,1,1,1,1,3,1.0,2.0,1,2.0,1.0,1,2024,-11.948275862068966,0.896551724137931,0.0,7.0,6.0,4.61,0.853782292567288,2.60202016121069,3.261,4.04554694222477,3.5391566928735,2.992,,0,1,0,0,0,-1.14103448275862,6.0344827586206895,1.1869629606200953,1.8175068544522919,-1.1306724137931035,0.5519319121581259,1,"(0.546, 0.621]"
El Salvador,2024-02,4,1,2,1,1,4,1.0,3.0,1,3.0,1.0,1,2024,-10.948275862068966,0.896551724137931,0.0,2.0,0.0,4.61,0.853782292567288,2.60202016121069,3.261,0.853782292567288,2.60202016121069,3.261,,0,1,0,0,0,-1.14103448275862,0.034482758620689655,0.24982642895728535,-1.3742577952051902,-0.8616724137931033,0.5344500084612406,1,"(0.531, 0.546]"
El Salvador,2024-03,4,1,3,1,3,3,1.0,3.0,1,4.0,0.0,1,2024,-10.948275862068966,-0.10344827586206896,0.0,3.0,-1.0,4.61,0.853782292567288,2.60202016121069,3.261,0.853782292567288,2.60202016121069,3.261,,0,0,0,0,0,-1.14103448275862,-0.9655172413793104,0.24982642895728535,-1.3742577952051902,-0.8616724137931033,0.5341499299371837,0,"(0.531, 0.546]"
El Salvador,2024-04,13,1,3,1,3,11,0.0,0.0,0,4.0,9.0,1,2024,-1.9482758620689662,8.89655172413793,0.0,4.0,9.0,4.61,0.853782292567288,2.60202016121069,3.261,0.853782292567288,2.60202016121069,3.261,,0,0,0,0,0,-1.14103448275862,9.03448275862069,0.24982642895728535,-1.3742577952051902,-0.8616724137931033,0.5277738179228432,0,"(0.525, 0.531]"
El Salvador,2024-05,9,1,0,0,0,8,0.0,0.0,0,13.0,-4.0,1,2024,-5.948275862068966,-4.103448275862069,0.0,4.0,-13.0,4.61,0.853782292567288,2.60202016121069,3.261,0.853782292567288,2.60202016121069,3.261,,0,1,0,0,0,-1.14103448275862,-12.96551724137931,0.24982642895728535,-1.3742577952051902,-0.8616724137931033,0.5281264720531901,1,"(0.525, 0.531]"
El Salvador,2024-06,8,1,0,0,0,7,0.0,0.0,0,9.0,-1.0,0,2024,-6.948275862068966,-1.103448275862069,-1.0,13.0,3.0,4.61,0.853782292567288,2.60202016121069,3.261,0.853782292567288,2.60202016121069,3.261,,0,1,0,0,0,-1.14103448275862,3.0344827586206895,0.24982642895728535,-1.3742577952051902,-0.8616724137931033,0.722533553133007,1,"(0.621, 0.753]"
El Salvador,2024-07,9,1,0,0,0,8,1.0,2.0,1,8.0,1.0,0,2024,-5.948275862068966,0.896551724137931,-1.0,9.0,2.0,4.61,0.853782292567288,2.60202016121069,3.261,0.853782292567288,2.60202016121069,3.261,,1,1,0,0,0,-1.14103448275862,2.0344827586206895,0.24982642895728535,-1.3742577952051902,-0.8616724137931033,0.7222698049476279,1,"(0.621, 0.753]"
El Salvador,2024-08,4,1,2,1,3,3,1.0,2.0,1,9.0,-5.0,1,2024,-10.948275862068966,-5.103448275862069,0.0,8.0,-6.0,4.61,0.853782292567288,2.60202016121069,3.261,0.853782292567288,2.60202016121069,3.261,,0,0,0,0,0,-1.14103448275862,-5.9655172413793105,0.24982642895728535,-1.3742577952051902,-0.8616724137931033,0.5326491708497976,0,"(0.531, 0.546]"
El Salvador,2024-09,4,1,2,1,1,4,1.0,1.0,1,4.0,0.0,1,2024,-10.948275862068966,-0.10344827586206896,0.0,9.0,5.0,4.61,0.853782292567288,2.60202016121069,3.261,0.853782292567288,2.60202016121069,3.261,,0,0,0,0,0,-1.14103448275862,5.0344827586206895,0.24982642895728535,-1.3742577952051902,-0.8616724137931033,0.5339946429819759,0,"(0.531, 0.546]"
El Salvador,2024-10,10,1,1,1,1,8,1.0,1.0,1,4.0,6.0,1,2024,-4.948275862068966,5.896551724137931,0.0,4.0,6.0,4.61,0.853782292567288,2.60202016121069,3.261,0.853782292567288,2.60202016121069,3.261,,0,0,0,0,0,-1.14103448275862,6.0344827586206895,0.24982642895728535,-1.3742577952051902,-0.8616724137931033,0.5298916627651539,0,"(0.525, 0.531]"
El Salvador,2024-11,15,1,1,1,0,12,0.0,0.0,0,10.0,5.0,1,2024,0.05172413793103381,4.896551724137931,0.0,4.0,-1.0,4.61,0.853782292567288,2.60202016121069,3.261,0.853782292567288,2.60202016121069,3.261,,0,0,0,0,0,-1.14103448275862,-0.9655172413793104,0.24982642895728535,-1.3742577952051902,-0.8616724137931033,0.5247127016707613,0,"(0.509, 0.525]"
El Salvador,2024-12,12,1,0,0,0,11,1.0,2.0,1,15.0,-3.0,1,2024,-2.948275862068966,-3.103448275862069,0.0,10.0,-8.0,4.61,0.853782292567288,2.60202016121069,3.261,0.853782292567288,2.60202016121069,3.261,,1,1,0,0,0,-1.14103448275862,-7.9655172413793105,0.24982642895728535,-1.3742577952051902,-0.8616724137931033,0.5253026474545,1,"(0.525, 0.531]"
Guatemala,2024-01,4,1,21,1,24,4,1.0,6.0,1,5.0,-1.0,1,2024,-27.03448275862069,-0.9482758620689655,0.0,26.0,20.0,4.55,2.86992752918294,3.65186382894819,2.613,6.20657592272126,3.5331575177533,2.344,,0,0,0,0,0,-0.4562068965517243,21.25862068965517,-0.032254668356371585,1.8770483085692078,-0.1845862068965518,0.5509409738869536,0,"(0.546, 0.621]"
Guatemala,2024-02,5,1,6,1,5,5,1.0,14.0,1,4.0,1.0,1,2024,-26.03448275862069,1.0517241379310345,0.0,5.0,2.0,4.55,2.86992752918294,3.65186382894819,2.613,2.86992752918294,3.65186382894819,2.613,,0,1,0,0,0,-0.4562068965517243,3.2586206896551726,0.0864516428385187,-1.4596000849691126,0.08441379310344832,0.5306673729403073,1,"(0.525, 0.531]"
Guatemala,2024-03,24,1,14,1,15,6,1.0,20.0,1,5.0,19.0,1,2024,-7.03448275862069,19.051724137931036,0.0,4.0,18.0,4.55,2.86992752918294,3.65186382894819,2.613,2.86992752918294,3.65186382894819,2.613,,0,0,0,0,0,-0.4562068965517243,19.25862068965517,0.0864516428385187,-1.4596000849691126,0.08441379310344832,0.5169920877311466,0,"(0.509, 0.525]"
Guatemala,2024-04,4,1,20,1,25,4,1.0,9.0,1,24.0,-20.0,1,2024,-27.03448275862069,-19.948275862068964,0.0,5.0,-39.0,4.55,2.86992752918294,3.65186382894819,2.613,2.86992752918294,3.65186382894819,2.613,,0,0,0,0,0,-0.4562068965517243,-37.741379310344826,0.0864516428385187,-1.4596000849691126,0.08441379310344832,0.5258811598018287,0,"(0.525, 0.531]"
Guatemala,2024-05,10,1,9,1,17,8,1.0,10.0,1,4.0,6.0,1,2024,-21.03448275862069,6.051724137931035,0.0,24.0,26.0,4.55,2.86992752918294,3.65186382894819,2.613,2.86992752918294,3.65186382894819,2.613,,0,0,0,0,0,-0.4562068965517243,27.25862068965517,0.0864516428385187,-1.4596000849691126,0.08441379310344832,0.526645091067568,0,"(0.525, 0.531]"
Guatemala,2024-06,5,1,10,1,12,5,1.0,20.0,1,10.0,-5.0,1,2024,-26.03448275862069,-4.948275862068965,0.0,4.0,-11.0,4.55,2.86992752918294,3.65186382894819,2.613,2.86992752918294,3.65186382894819,2.613,,0,1,0,0,0,-0.4562068965517243,-9.741379310344827,0.0864516428385187,-1.4596000849691126,0.08441379310344832,0.5290462048309852,1,"(0.525, 0.531]"
Guatemala,2024-07,4,1,20,1,16,4,1.0,11.0,1,5.0,-1.0,1,2024,-27.03448275862069,-0.9482758620689655,0.0,10.0,4.0,4.55,2.86992752918294,3.65186382894819,2.613,2.86992752918294,3.65186382894819,2.613,,0,0,0,0,0,-0.4562068965517243,5.258620689655173,0.0864516428385187,-1.4596000849691126,0.08441379310344832,0.5309690222847898,0,"(0.531, 0.546]"
Guatemala,2024-08,6,1,11,1,16,6,1.0,27.0,1,4.0,2.0,1,2024,-25.03448275862069,2.0517241379310347,0.0,5.0,3.0,4.55,2.86992752918294,3.65186382894819,2.613,2.86992752918294,3.65186382894819,2.613,,0,1,0,0,0,-0.4562068965517243,4.258620689655173,0.0864516428385187,-1.4596000849691126,0.08441379310344832,0.5299616720185442,1,"(0.525, 0.531]"
Guatemala,2024-09,4,1,27,1,35,4,1.0,38.0,1,6.0,-2.0,1,2024,-27.03448275862069,-1.9482758620689655,0.0,4.0,-4.0,4.55,2.86992752918294,3.65186382894819,2.613,2.86992752918294,3.65186382894819,2.613,,0,0,0,0,0,-0.4562068965517243,-2.7413793103448274,0.0864516428385187,-1.4596000849691126,0.08441379310344832,0.5308499948672629,0,"(0.525, 0.531]"
Guatemala,2024-10,8,1,38,1,53,6,1.0,17.0,1,4.0,4.0,1,2024,-23.03448275862069,4.051724137931035,0.0,6.0,6.0,4.55,2.86992752918294,3.65186382894819,2.613,2.86992752918294,3.65186382894819,2.613,,0,0,0,0,0,-0.4562068965517243,7.258620689655173,0.0864516428385187,-1.4596000849691126,0.08441379310344832,0.5285239963100892,0,"(0.525, 0.531]"
Guatemala,2024-11,8,1,17,1,20,6,1.0,11.0,1,8.0,0.0,1,2024,-23.03448275862069,0.05172413793103448,0.0,4.0,-4.0,4.55,2.86992752918294,3.65186382894819,2.613,2.86992752918294,3.65186382894819,2.613,,0,0,0,0,0,-0.4562068965517243,-2.7413793103448274,0.0864516428385187,-1.4596000849691126,0.08441379310344832,0.5274773115462476,0,"(0.525, 0.531]"
Guatemala,2024-12,6,1,11,1,8,3,1.0,29.0,1,8.0,-2.0,1,2024,-25.03448275862069,-1.9482758620689655,0.0,8.0,-2.0,4.55,2.86992752918294,3.65186382894819,2.613,2.86992752918294,3.65186382894819,2.613,,0,1,0,0,0,-0.4562068965517243,-0.7413793103448276,0.0864516428385187,-1.4596000849691126,0.08441379310344832,0.5287857574573023,1,"(0.525, 0.531]"
Honduras,2024-01,37,1,34,1,33,20,1.0,34.0,1,22.0,15.0,1,2024,-20.413793103448278,14.517241379310345,0.0,34.0,27.0,4.98,4.60621098127107,3.55397003296669,4.91,6.66325180347457,3.57584760454412,6.07,45.7,0,0,0,0,0,-0.34172413793103473,26.93103448275862,0.7863275753649446,1.5668926730375299,-1.8761034482758614,0.5500031735405727,0,"(0.546, 0.621]"
Honduras,2024-02,47,1,34,1,36,22,1.0,42.0,1,37.0,10.0,1,2024,-10.413793103448278,9.517241379310345,0.0,22.0,-5.0,4.98,4.60621098127107,3.55397003296669,4.91,4.60621098127107,3.55397003296669,4.91,45.7,0,0,0,0,0,-0.34172413793103473,-5.068965517241379,0.7644500037875144,-0.4901481491659707,-3.0361034482758615,0.5325931995827327,0,"(0.531, 0.546]"
Honduras,2024-03,44,1,42,1,41,18,1.0,25.0,1,47.0,-3.0,1,2024,-13.413793103448278,-3.4827586206896552,0.0,37.0,-13.0,4.98,4.60621098127107,3.55397003296669,4.91,4.60621098127107,3.55397003296669,4.91,45.7,0,0,0,0,0,-0.34172413793103473,-13.068965517241379,0.7644500037875144,-0.4901481491659707,-3.0361034482758615,0.5315773313201182,0,"(0.531, 0.546]"
Honduras,2024-04,76,1,25,1,17,19,1.0,48.0,1,44.0,32.0,1,2024,18.586206896551722,31.517241379310345,0.0,47.0,35.0,4.98,4.60621098127107,3.55397003296669,4.91,4.60621098127107,3.55397003296669,4.91,45.7,0,1,0,0,0,-0.34172413793103473,34.93103448275862,0.7644500037875144,-0.4901481491659707,-3.0361034482758615,0.5095189814019564,1,"(0.509, 0.525]"
Honduras,2024-05,70,1,48,1,48,24,1.0,38.0,1,76.0,-6.0,1,2024,12.586206896551722,-6.482758620689655,0.0,44.0,-38.0,4.98,4.60621098127107,3.55397003296669,4.91,4.60621098127107,3.55397003296669,4.91,45.7,0,0,0,0,0,-0.34172413793103473,-38.06896551724138,0.7644500037875144,-0.4901481491659707,-3.0361034482758615,0.5050319408541787,0,"(0.492, 0.509]"
Honduras,2024-06,47,1,38,1,39,19,1.0,36.0,1,70.0,-23.0,1,2024,-10.413793103448278,-23.482758620689655,0.0,76.0,-17.0,4.98,4.60621098127107,3.55397003296669,4.91,4.60621098127107,3.55397003296669,4.91,45.7,0,0,0,0,0,-0.34172413793103473,-17.06896551724138,0.7644500037875144,-0.4901481491659707,-3.0361034482758615,0.5221295636816535,0,"(0.509, 0.525]"
Honduras,2024-07,70,1,36,1,38,23,1.0,31.0,1,47.0,23.0,1,2024,12.586206896551722,22.517241379310345,0.0,70.0,46.0,4.98,4.60621098127107,3.55397003296669,4.91,4.60621098127107,3.55397003296669,4.91,45.7,0,0,0,0,0,-0.34172413793103473,45.93103448275862,0.7644500037875144,-0.4901481491659707,-3.0361034482758615,0.512342921479816,0,"(0.509, 0.525]"
Honduras,2024-08,44,1,31,1,34,21,1.0,27.0,1,70.0,-26.0,1,2024,-13.413793103448278,-26.482758620689655,0.0,47.0,-49.0,4.98,4.60621098127107,3.55397003296669,4.91,4.60621098127107,3.55397003296669,4.91,45.7,0,0,0,0,0,-0.34172413793103473,-49.06896551724138,0.7644500037875144,-0.4901481491659707,-3.0361034482758615,0.5250021296309788,0,"(0.509, 0.525]"
Honduras,2024-09,42,1,27,1,28,24,1.0,38.0,1,44.0,-2.0,1,2024,-15.413793103448278,-2.4827586206896552,0.0,70.0,24.0,4.98,4.60621098127107,3.55397003296669,4.91,4.60621098127107,3.55397003296669,4.91,45.7,0,0,0,0,0,-0.34172413793103473,23.93103448275862,0.7644500037875144,-0.4901481491659707,-3.0361034482758615,0.5329565952019559,0,"(0.531, 0.546]"
Honduras,2024-10,41,1,38,1,38,17,1.0,28.0,1,42.0,-1.0,1,2024,-16.413793103448278,-1.4827586206896552,0.0,44.0,1.0,4.98,4.60621098127107,3.55397003296669,4.91,4.60621098127107,3.55397003296669,4.91,45.7,0,0,0,0,0,-0.34172413793103473,0.9310344827586207,0.7644500037875144,-0.4901481491659707,-3.0361034482758615,0.534883031001116,0,"(0.531, 0.546]"
Honduras,2024-11,22,1,28,1,31,11,1.0,37.0,1,41.0,-19.0,1,2024,-35.41379310344828,-19.482758620689655,0.0,42.0,-18.0,4.98,4.60621098127107,3.55397003296669,4.91,4.60621098127107,3.55397003296669,4.91,45.7,0,0,0,0,0,-0.34172413793103473,-18.06896551724138,0.7644500037875144,-0.4901481491659707,-3.0361034482758615,0.5485714244327227,0,"(0.546, 0.621]"
Honduras,2024-12,33,1,37,1,35,19,1.0,45.0,1,22.0,11.0,1,2024,-24.413793103448278,10.517241379310345,0.0,41.0,30.0,4.98,4.60621098127107,3.55397003296669,4.91,4.60621098127107,3.55397003296669,4.91,45.7,0,0,0,0,0,-0.34172413793103473,29.93103448275862,0.7644500037875144,-0.4901481491659707,-3.0361034482758615,0.546063160380678,0,"(0.531, 0.546]"
Nicaragua,2024-08,1,1,0,0,0,1,1.0,2.0,1,1.0,0.0,0,2024,-17.846153846153847,0.28846153846153844,-0.9615384615384616,1.0,0.0,2.09,4.62473841057141,3.5878302292345,4.98,8.38765854872536,4.42774384760374,4.698,,1,1,0,0,0,-1.1563461538461541,0.25,3.968243113153493,2.787428331822454,-0.903538461538461,0.7362466846289772,1,"(0.621, 0.753]"
Panama,2024-01,24,1,1,1,0,17,1.0,1.0,1,6.0,18.0,1,2024,-14.43103448275862,18.189655172413794,0.017241379310344862,246.0,258.0,6.84,0.693225551004538,2.74788545546916,8.451,1.48641355277038,7.16632946099945,6.544,49.7,0,0,0,0,0,-0.16655172413793107,258.0344827586207,3.9678509112207943,0.8564539691024624,-2.402017241379311,0.5212785406221332,0,"(0.509, 0.525]"
Panama,2024-02,11,1,1,1,0,9,1.0,3.0,1,24.0,-13.0,1,2024,-27.43103448275862,-12.810344827586206,0.017241379310344862,6.0,-31.0,6.84,0.693225551004538,2.74788545546916,8.451,0.693225551004538,2.74788545546916,8.451,49.7,0,1,0,0,0,-0.16655172413793107,-30.96551724137931,-0.45059309430949623,0.06326596733662049,-0.49501724137931014,0.5312253424740591,1,"(0.531, 0.546]"
Panama,2024-03,33,1,3,1,0,16,1.0,2.0,1,11.0,22.0,1,2024,-5.431034482758619,22.189655172413794,0.017241379310344862,24.0,35.0,6.84,0.693225551004538,2.74788545546916,8.451,0.693225551004538,2.74788545546916,8.451,49.7,0,0,0,0,0,-0.16655172413793107,35.03448275862069,-0.45059309430949623,0.06326596733662049,-0.49501724137931014,0.5187878853048637,0,"(0.509, 0.525]"
Panama,2024-04,42,1,2,1,0,18,1.0,2.0,1,33.0,9.0,1,2024,3.568965517241381,9.189655172413794,0.017241379310344862,11.0,-13.0,6.84,0.693225551004538,2.74788545546916,8.451,0.693225551004538,2.74788545546916,8.451,49.7,0,0,0,0,0,-0.16655172413793107,-12.96551724137931,-0.45059309430949623,0.06326596733662049,-0.49501724137931014,0.5066987168601601,0,"(0.492, 0.509]"
Panama,2024-05,36,1,2,1,0,19,1.0,1.0,1,42.0,-6.0,1,2024,-2.431034482758619,-5.810344827586207,0.017241379310344862,33.0,-15.0,6.84,0.693225551004538,2.74788545546916,8.451,0.693225551004538,2.74788545546916,8.451,49.7,0,0,0,0,0,-0.16655172413793107,-14.96551724137931,-0.45059309430949623,0.06326596733662049,-0.49501724137931014,0.5078967880779082,0,"(0.492, 0.509]"
Panama,2024-06,26,1,1,1,0,16,1.0,1.0,1,36.0,-10.0,1,2024,-12.43103448275862,-9.810344827586206,0.017241379310344862,42.0,-4.0,6.84,0.693225551004538,2.74788545546916,8.451,0.693225551004538,2.74788545546916,8.451,49.7,0,0,0,0,0,-0.16655172413793107,-3.9655172413793105,-0.45059309430949623,0.06326596733662049,-0.49501724137931014,0.5163935691056883,0,"(0.509, 0.525]"
Panama,2024-07,16,1,1,1,0,13,1.0,1.0,1,26.0,-10.0,1,2024,-22.43103448275862,-9.810344827586206,0.017241379310344862,36.0,0.0,6.84,0.693225551004538,2.74788545546916,8.451,0.693225551004538,2.74788545546916,8.451,49.7,0,0,0,0,0,-0.16655172413793107,0.034482758620689655,-0.45059309430949623,0.06326596733662049,-0.49501724137931014,0.5263689726543432,0,"(0.525, 0.531]"
Panama,2024-08,13,1,1,1,0,11,0.0,0.0,0,16.0,-3.0,1,2024,-25.43103448275862,-2.810344827586207,0.017241379310344862,26.0,7.0,6.84,0.693225551004538,2.74788545546916,8.451,0.693225551004538,2.74788545546916,8.451,49.7,0,0,0,0,0,-0.16655172413793107,7.0344827586206895,-0.45059309430949623,0.06326596733662049,-0.49501724137931014,0.5314916072418758,0,"(0.531, 0.546]"
Panama,2024-09,19,1,0,0,0,14,0.0,0.0,0,13.0,6.0,1,2024,-19.43103448275862,6.189655172413793,0.017241379310344862,16.0,9.0,6.84,0.693225551004538,2.74788545546916,8.451,0.693225551004538,2.74788545546916,8.451,49.7,0,1,0,0,0,-0.16655172413793107,9.03448275862069,-0.45059309430949623,0.06326596733662049,-0.49501724137931014,0.5283396191684854,1,"(0.525, 0.531]"
Panama,2024-10,8,1,0,0,0,8,1.0,3.0,1,19.0,-11.0,0,2024,-30.43103448275862,-10.810344827586206,-0.9827586206896551,13.0,-17.0,6.84,0.693225551004538,2.74788545546916,8.451,0.693225551004538,2.74788545546916,8.451,49.7,1,1,0,0,0,-0.16655172413793107,-16.96551724137931,-0.45059309430949623,0.06326596733662049,-0.49501724137931014,0.7264091380946186,1,"(0.621, 0.753]"
Panama,2024-11,13,1,3,1,0,11,1.0,1.0,1,8.0,5.0,1,2024,-25.43103448275862,5.189655172413793,0.017241379310344862,19.0,16.0,6.84,0.693225551004538,2.74788545546916,8.451,0.693225551004538,2.74788545546916,8.451,49.7,0,0,0,0,0,-0.16655172413793107,16.03448275862069,-0.45059309430949623,0.06326596733662049,-0.49501724137931014,0.5338673872816597,0,"(0.531, 0.546]"
Panama,2024-12,23,1,1,1,1,14,1.0,2.0,1,13.0,10.0,1,2024,-15.43103448275862,10.189655172413794,0.017241379310344862,8.0,5.0,6.84,0.693225551004538,2.74788545546916,8.451,0.693225551004538,2.74788545546916,8.451,49.7,0,1,0,0,0,-0.16655172413793107,5.0344827586206895,-0.45059309430949623,0.06326596733662049,-0.49501724137931014,0.5257220943273797,1,"(0.525, 0.531]"
Paraguay,2024-01,36,1,0,0,0,17,0.0,0.0,0,41.0,-5.0,1,2024,-28.258620689655174,-5.655172413793103,0.0,63.0,17.0,5.92,3.83540271728533,4.24996010464072,5.686,4.63202285403356,4.9992279112746,5.794,44.2,0,1,0,0,0,-0.15655172413793128,17.310344827586206,3.7798427786907784,0.09919353119340002,-1.1049655172413795,0.527640751904317,1,"(0.525, 0.531]"
Paraguay,2024-02,49,1,0,0,0,20,0.0,0.0,0,36.0,13.0,0,2024,-15.258620689655174,12.344827586206897,-1.0,41.0,18.0,5.92,3.83540271728533,4.24996010464072,5.686,3.83540271728533,4.24996010464072,5.686,44.2,0,1,0,0,0,-0.15655172413793128,18.310344827586206,3.030574972056898,-0.6974266055548304,-1.2129655172413791,0.7133731058650106,1,"(0.621, 0.753]"
Paraguay,2024-03,67,1,0,0,0,20,1.0,1.0,1,49.0,18.0,0,2024,2.7413793103448256,17.344827586206897,-1.0,36.0,5.0,5.92,3.83540271728533,4.24996010464072,5.686,3.83540271728533,4.24996010464072,5.686,44.2,1,1,0,0,0,-0.15655172413793128,5.310344827586207,3.030574972056898,-0.6974266055548304,-1.2129655172413791,0.6999415538545188,1,"(0.621, 0.753]"
Paraguay,2024-04,115,1,1,1,0,25,1.0,3.0,1,67.0,48.0,1,2024,50.741379310344826,47.3448275862069,0.0,49.0,30.0,5.92,3.83540271728533,4.24996010464072,5.686,3.83540271728533,4.24996010464072,5.686,44.2,0,1,0,0,0,-0.15655172413793128,30.310344827586206,3.030574972056898,-0.6974266055548304,-1.2129655172413791,0.46299362178693565,1,"(0.416, 0.478]"
Paraguay,2024-05,78,1,3,1,0,26,0.0,0.0,0,115.0,-37.0,1,2024,13.741379310344826,-37.6551724137931,0.0,67.0,-85.0,5.92,3.83540271728533,4.24996010464072,5.686,3.83540271728533,4.24996010464072,5.686,44.2,0,0,0,0,0,-0.15655172413793128,-84.6896551724138,3.030574972056898,-0.6974266055548304,-1.2129655172413791,0.47546101392692064,0,"(0.416, 0.478]"
Paraguay,2024-06,46,1,0,0,0,19,1.0,5.0,1,78.0,-32.0,1,2024,-18.258620689655174,-32.6551724137931,0.0,115.0,5.0,5.92,3.83540271728533,4.24996010464072,5.686,3.83540271728533,4.24996010464072,5.686,44.2,1,1,0,0,0,-0.15655172413793128,5.310344827586207,3.030574972056898,-0.6974266055548304,-1.2129655172413791,0.5070518064554206,1,"(0.492, 0.509]"
Paraguay,2024-07,72,1,5,1,0,24,1.0,2.0,1,46.0,26.0,1,2024,7.741379310344826,25.344827586206897,0.0,78.0,58.0,5.92,3.83540271728533,4.24996010464072,5.686,3.83540271728533,4.24996010464072,5.686,44.2,0,0,0,0,0,-0.15655172413793128,58.310344827586206,3.030574972056898,-0.6974266055548304,-1.2129655172413791,0.49841428279222205,0,"(0.492, 0.509]"
Paraguay,2024-08,78,1,2,1,0,26,1.0,4.0,1,72.0,6.0,1,2024,13.741379310344826,5.344827586206897,0.0,46.0,-20.0,5.92,3.83540271728533,4.24996010464072,5.686,3.83540271728533,4.24996010464072,5.686,44.2,0,1,0,0,0,-0.15655172413793128,-19.689655172413794,3.030574972056898,-0.6974266055548304,-1.2129655172413791,0.4878360288983465,1,"(0.478, 0.492]"
Paraguay,2024-09,82,1,4,1,0,22,1.0,2.0,1,78.0,4.0,1,2024,17.741379310344826,3.344827586206897,0.0,72.0,-2.0,5.92,3.83540271728533,4.24996010464072,5.686,3.83540271728533,4.24996010464072,5.686,44.2,0,0,0,0,0,-0.15655172413793128,-1.6896551724137931,3.030574972056898,-0.6974266055548304,-1.2129655172413791,0.4826783218923437,0,"(0.478, 0.492]"
Paraguay,2024-10,67,1,2,1,0,23,0.0,0.0,0,82.0,-15.0,1,2024,2.7413793103448256,-15.655172413793103,0.0,78.0,-19.0,5.92,3.83540271728533,4.24996010464072,5.686,3.83540271728533,4.24996010464072,5.686,44.2,0,0,0,0,0,-0.15655172413793128,-18.689655172413794,3.030574972056898,-0.6974266055548304,-1.2129655172413791,0.49203863722039387,0,"(0.478, 0.492]"
Paraguay,2024-11,91,1,0,0,0,25,1.0,2.0,1,67.0,24.0,1,2024,26.741379310344826,23.344827586206897,0.0,82.0,39.0,5.92,3.83540271728533,4.24996010464072,5.686,3.83540271728533,4.24996010464072,5.686,44.2,1,1,0,0,0,-0.15655172413793128,39.310344827586206,3.030574972056898,-0.6974266055548304,-1.2129655172413791,0.4790792976473554,1,"(0.478, 0.492]"
Paraguay,2024-12,36,1,2,1,1,17,1.0,1.0,1,91.0,-55.0,1,2024,-28.258620689655174,-55.6551724137931,0.0,67.0,-79.0,5.92,3.83540271728533,4.24996010464072,5.686,3.83540271728533,4.24996010464072,5.686,44.2,0,0,0,0,0,-0.15655172413793128,-78.6896551724138,3.030574972056898,-0.6974266055548304,-1.2129655172413791,0.5117997799996832,0,"(0.509, 0.525]"
Peru,2024-01,64,1,15,1,3,23,1.0,13.0,1,117.0,-53.0,1,2024,-14.827586206896555,-57.41379310344828,0.0,124.0,-46.0,5.69,2.00770739412712,3.30394098171516,5.199,6.45561348369586,-0.403242151494268,4.899,40.1,0,0,0,0,0,-0.6493103448275859,-48.58620689655172,-2.654994326280975,2.824823151251014,0.1839482758620692,0.5373361794408075,0,"(0.531, 0.546]"
Peru,2024-02,55,1,13,1,0,22,1.0,30.0,1,64.0,-9.0,1,2024,-23.827586206896555,-13.413793103448276,0.0,117.0,44.0,5.69,2.00770739412712,3.30394098171516,5.199,2.00770739412712,3.30394098171516,5.199,40.1,0,1,0,0,0,-0.6493103448275859,41.41379310344828,1.052188806928453,-1.6230829383177259,0.483948275862069,0.5215677931099593,1,"(0.509, 0.525]"
Peru,2024-03,100,1,30,1,4,29,1.0,26.0,1,55.0,45.0,1,2024,21.172413793103445,40.58620689655172,0.0,64.0,54.0,5.69,2.00770739412712,3.30394098171516,5.199,2.00770739412712,3.30394098171516,5.199,40.1,0,0,0,0,0,-0.6493103448275859,51.41379310344828,1.052188806928453,-1.6230829383177259,0.483948275862069,0.49356538948192835,0,"(0.492, 0.509]"
Peru,2024-04,105,1,26,1,5,28,1.0,31.0,1,100.0,5.0,1,2024,26.172413793103445,0.5862068965517242,0.0,55.0,-40.0,5.69,2.00770739412712,3.30394098171516,5.199,2.00770739412712,3.30394098171516,5.199,40.1,0,0,0,0,0,-0.6493103448275859,-42.58620689655172,1.052188806928453,-1.6230829383177259,0.483948275862069,0.4778746904823469,0,"(0.478, 0.492]"
Peru,2024-05,147,1,31,1,3,28,1.0,24.0,1,105.0,42.0,1,2024,68.17241379310344,37.58620689655172,0.0,100.0,37.0,5.69,2.00770739412712,3.30394098171516,5.199,2.00770739412712,3.30394098171516,5.199,40.1,0,0,0,0,0,-0.6493103448275859,34.41379310344828,1.052188806928453,-1.6230829383177259,0.483948275862069,0.4457779377271521,0,"(0.416, 0.478]"
Peru,2024-06,66,1,24,1,2,24,1.0,34.0,1,147.0,-81.0,1,2024,-12.827586206896555,-85.41379310344827,0.0,105.0,-123.0,5.69,2.00770739412712,3.30394098171516,5.199,2.00770739412712,3.30394098171516,5.199,40.1,0,0,0,0,0,-0.6493103448275859,-125.58620689655173,1.052188806928453,-1.6230829383177259,0.483948275862069,0.4912366305007056,0,"(0.478, 0.492]"
Peru,2024-07,122,1,34,1,4,29,1.0,30.0,1,66.0,56.0,1,2024,43.172413793103445,51.58620689655172,0.0,147.0,137.0,5.69,2.00770739412712,3.30394098171516,5.199,2.00770739412712,3.30394098171516,5.199,40.1,0,0,0,0,0,-0.6493103448275859,134.41379310344828,1.052188806928453,-1.6230829383177259,0.483948275862069,0.4728205413964645,0,"(0.416, 0.478]"
Peru,2024-08,96,1,30,1,5,27,1.0,26.0,1,122.0,-26.0,1,2024,17.172413793103445,-30.413793103448278,0.0,66.0,-82.0,5.69,2.00770739412712,3.30394098171516,5.199,2.00770739412712,3.30394098171516,5.199,40.1,0,0,0,0,0,-0.6493103448275859,-84.58620689655173,1.052188806928453,-1.6230829383177259,0.483948275862069,0.4779024571458229,0,"(0.478, 0.492]"
Peru,2024-09,70,1,26,1,1,24,1.0,45.0,1,96.0,-26.0,1,2024,-8.827586206896555,-30.413793103448278,0.0,122.0,0.0,5.69,2.00770739412712,3.30394098171516,5.199,2.00770739412712,3.30394098171516,5.199,40.1,0,1,0,0,0,-0.6493103448275859,-2.586206896551724,1.052188806928453,-1.6230829383177259,0.483948275862069,0.5020107395825797,1,"(0.492, 0.509]"
Peru,2024-10,147,1,45,1,5,28,1.0,46.0,1,70.0,77.0,1,2024,68.17241379310344,72.58620689655173,0.0,96.0,103.0,5.69,2.00770739412712,3.30394098171516,5.199,2.00770739412712,3.30394098171516,5.199,40.1,0,0,0,0,0,-0.6493103448275859,100.41379310344827,1.052188806928453,-1.6230829383177259,0.483948275862069,0.4554288466236931,0,"(0.416, 0.478]"
Peru,2024-11,220,1,46,1,7,24,1.0,37.0,1,147.0,73.0,1,2024,141.17241379310343,68.58620689655173,0.0,70.0,-4.0,5.69,2.00770739412712,3.30394098171516,5.199,2.00770739412712,3.30394098171516,5.199,40.1,0,0,0,0,0,-0.6493103448275859,-6.586206896551724,1.052188806928453,-1.6230829383177259,0.483948275862069,0.38515307367722124,0,"(0.23, 0.416]"
Peru,2024-12,62,1,37,1,1,22,1.0,27.0,1,220.0,-158.0,1,2024,-16.827586206896555,-162.41379310344828,0.0,147.0,-231.0,5.69,2.00770739412712,3.30394098171516,5.199,2.00770739412712,3.30394098171516,5.199,40.1,0,0,0,0,0,-0.6493103448275859,-233.58620689655172,1.052188806928453,-1.6230829383177259,0.483948275862069,0.4728923093227807,0,"(0.416, 0.478]"
Uruguay,2024-01,4,1,0,0,0,4,0.0,0.0,0,3.0,1.0,1,2024,-1.3818181818181818,0.9636363636363636,0.3090909090909091,8.0,6.0,8.67,4.84914366613156,3.10825478066172,8.209,5.86910359896119,0.742128785315927,8.355,40.0,0,1,0,0,0,0.03872727272727161,5.909090909090909,0.1688975113547836,-2.5868589489913694,-0.6227272727272712,0.42714977493853923,1,"(0.416, 0.478]"
Uruguay,2024-02,2,1,0,0,0,2,0.0,0.0,0,4.0,-2.0,0,2024,-3.381818181818182,-2.036363636363636,-0.6909090909090909,3.0,-3.0,8.67,4.84914366613156,3.10825478066172,8.209,4.84914366613156,3.10825478066172,8.209,40.0,0,1,0,0,0,0.03872727272727161,-3.090909090909091,2.5350235067005764,-3.606818881820999,-0.768727272727272,0.6230855845646913,1,"(0.621, 0.753]"
Uruguay,2024-03,4,1,0,0,0,3,0.0,0.0,0,2.0,2.0,0,2024,-1.3818181818181818,1.9636363636363636,-0.6909090909090909,4.0,4.0,8.67,4.84914366613156,3.10825478066172,8.209,4.84914366613156,3.10825478066172,8.209,40.0,0,1,0,0,0,0.03872727272727161,3.909090909090909,2.5350235067005764,-3.606818881820999,-0.768727272727272,0.6222476296654667,1,"(0.621, 0.753]"
Uruguay,2024-04,2,1,0,0,0,2,0.0,0.0,0,4.0,-2.0,0,2024,-3.381818181818182,-2.036363636363636,-0.6909090909090909,2.0,-4.0,8.67,4.84914366613156,3.10825478066172,8.209,4.84914366613156,3.10825478066172,8.209,40.0,0,1,0,0,0,0.03872727272727161,-4.090909090909091,2.5350235067005764,-3.606818881820999,-0.768727272727272,0.6231100104342416,1,"(0.621, 0.753]"
Uruguay,2024-05,6,1,0,0,0,5,1.0,1.0,1,2.0,4.0,0,2024,0.6181818181818182,3.963636363636364,-0.6909090909090909,4.0,6.0,8.67,4.84914366613156,3.10825478066172,8.209,4.84914366613156,3.10825478066172,8.209,40.0,1,1,0,0,0,0.03872727272727161,5.909090909090909,2.5350235067005764,-3.606818881820999,-0.768727272727272,0.6209147825657785,1,"(0.621, 0.753]"
Uruguay,2024-06,5,1,1,1,0,4,0.0,0.0,0,6.0,-1.0,1,2024,-0.38181818181818183,-1.0363636363636364,0.3090909090909091,2.0,-5.0,8.67,4.84914366613156,3.10825478066172,8.209,4.84914366613156,3.10825478066172,8.209,40.0,0,0,0,0,0,0.03872727272727161,-5.090909090909091,2.5350235067005764,-3.606818881820999,-0.768727272727272,0.41433627894391467,0,"(0.23, 0.416]"
Uruguay,2024-07,2,1,0,0,0,2,0.0,0.0,0,5.0,-3.0,1,2024,-3.381818181818182,-3.036363636363636,0.3090909090909091,6.0,-2.0,8.67,4.84914366613156,3.10825478066172,8.209,4.84914366613156,3.10825478066172,8.209,40.0,0,1,0,0,0,0.03872727272727161,-2.090909090909091,2.5350235067005764,-3.606818881820999,-0.768727272727272,0.41656701396755985,1,"(0.416, 0.478]"
Uruguay,2024-08,3,1,0,0,0,3,1.0,1.0,1,2.0,1.0,0,2024,-2.381818181818182,0.9636363636363636,-0.6909090909090909,5.0,4.0,8.67,4.84914366613156,3.10825478066172,8.209,4.84914366613156,3.10825478066172,8.209,40.0,1,1,0,0,0,0.03872727272727161,3.909090909090909,2.5350235067005764,-3.606818881820999,-0.768727272727272,0.6228889314354845,1,"(0.621, 0.753]"
Uruguay,2024-09,4,1,1,1,0,3,0.0,0.0,0,3.0,1.0,1,2024,-1.3818181818181818,0.9636363636363636,0.3090909090909091,2.0,0.0,8.67,4.84914366613156,3.10825478066172,8.209,4.84914366613156,3.10825478066172,8.209,40.0,0,0,0,0,0,0.03872727272727161,-0.09090909090909091,2.5350235067005764,-3.606818881820999,-0.768727272727272,0.41582679833670333,0,"(0.23, 0.416]"
Uruguay,2024-10,8,1,0,0,0,5,0.0,0.0,0,4.0,4.0,1,2024,2.618181818181818,3.963636363636364,0.3090909090909091,3.0,3.0,8.67,4.84914366613156,3.10825478066172,8.209,4.84914366613156,3.10825478066172,8.209,40.0,0,1,0,0,0,0.03872727272727161,2.909090909090909,2.5350235067005764,-3.606818881820999,-0.768727272727272,0.41278417285150304,1,"(0.23, 0.416]"
Uruguay,2024-11,4,1,0,0,0,4,0.0,0.0,0,8.0,-4.0,0,2024,-1.3818181818181818,-4.036363636363636,-0.6909090909090909,4.0,-8.0,8.67,4.84914366613156,3.10825478066172,8.209,4.84914366613156,3.10825478066172,8.209,40.0,0,1,0,0,0,0.03872727272727161,-8.090909090909092,2.5350235067005764,-3.606818881820999,-0.768727272727272,0.6206922166361282,1,"(0.546, 0.621]"
Uruguay,2024-12,2,1,0,0,0,2,0.0,0.0,0,4.0,-2.0,0,2024,-3.381818181818182,-2.036363636363636,-0.6909090909090909,8.0,2.0,8.67,4.84914366613156,3.10825478066172,8.209,4.84914366613156,3.10825478066172,8.209,40.0,0,1,0,0,0,0.03872727272727161,1.9090909090909092,2.5350235067005764,-3.606818881820999,-0.768727272727272,0.6229634458381008,1,"(0.621, 0.753]"
Venezuela,2024-01,219,1,24,1,20,22,1.0,29.0,1,99.0,120.0,1,2024,28.396551724137936,120.37931034482759,0.0,212.0,233.0,2.25,,,,,,,,0,0,1,1,1,-0.35965517241379263,234.36206896551724,0.0,0.0,0.0,0.25310726672865425,0,"(0.23, 0.416]"
Venezuela,2024-02,112,1,29,1,20,24,1.0,27.0,1,219.0,-107.0,1,2024,-78.60344827586206,-106.62068965517241,0.0,99.0,-227.0,2.25,,,,,,,,0,0,1,1,1,-0.35965517241379263,-225.63793103448276,0.0,0.0,0.0,0.2891658468931276,0,"(0.23, 0.416]"
Venezuela,2024-03,146,1,27,1,12,25,1.0,19.0,1,112.0,34.0,1,2024,-44.603448275862064,34.37931034482759,0.0,219.0,141.0,2.25,,,,,,,,0,0,1,1,1,-0.35965517241379263,142.36206896551724,0.0,0.0,0.0,0.29104027716598374,0,"(0.23, 0.416]"
Venezuela,2024-04,89,1,19,1,14,26,1.0,21.0,1,146.0,-57.0,1,2024,-101.60344827586206,-56.62068965517241,0.0,112.0,-91.0,2.25,,,,,,,,0,0,1,1,1,-0.35965517241379263,-89.63793103448276,0.0,0.0,0.0,0.3196931864991358,0,"(0.23, 0.416]"
Venezuela,2024-05,148,1,21,1,13,28,1.0,12.0,1,89.0,59.0,1,2024,-42.603448275862064,59.37931034482759,0.0,146.0,116.0,2.25,,,,,,,,0,0,1,1,1,-0.35965517241379263,117.36206896551724,0.0,0.0,0.0,0.29669930461899446,0,"(0.23, 0.416]"
Venezuela,2024-06,81,1,12,1,15,23,1.0,79.0,1,148.0,-67.0,1,2024,-109.60344827586206,-66.62068965517241,0.0,89.0,-126.0,2.25,,,,,,,,0,1,1,1,1,-0.35965517241379263,-124.63793103448276,0.0,0.0,0.0,0.32468403073220503,1,"(0.23, 0.416]"
Venezuela,2024-07,178,1,79,1,39,25,1.0,22.0,1,81.0,97.0,1,2024,-12.603448275862064,97.37931034482759,0.0,148.0,164.0,2.25,,,,,,,,0,0,1,1,1,-0.35965517241379263,165.36206896551724,0.0,0.0,0.0,0.28101063085964456,0,"(0.23, 0.416]"
Venezuela,2024-08,235,1,22,1,20,16,1.0,17.0,1,178.0,57.0,1,2024,44.396551724137936,57.37931034482759,0.0,81.0,-40.0,2.25,,,,,,,,0,0,1,1,1,-0.35965517241379263,-38.63793103448276,0.0,0.0,0.0,0.23132025903388007,0,"(0.23, 0.416]"
Venezuela,2024-09,76,1,17,1,20,18,1.0,10.0,1,235.0,-159.0,1,2024,-114.60344827586206,-158.6206896551724,0.0,178.0,-216.0,2.25,,,,,,,,0,0,1,1,1,-0.35965517241379263,-214.63793103448276,0.0,0.0,0.0,0.3050654780680828,0,"(0.23, 0.416]"
Venezuela,2024-10,100,1,10,1,7,28,1.0,12.0,1,76.0,24.0,1,2024,-90.60344827586206,24.379310344827587,0.0,235.0,183.0,2.25,,,,,,,,0,0,1,1,1,-0.35965517241379263,184.36206896551724,0.0,0.0,0.0,0.32695233351105835,0,"(0.23, 0.416]"
Venezuela,2024-11,99,1,12,1,10,25,1.0,17.0,1,100.0,-1.0,1,2024,-91.60344827586206,-0.6206896551724138,0.0,76.0,-25.0,2.25,,,,,,,,0,0,1,1,1,-0.35965517241379263,-23.637931034482758,0.0,0.0,0.0,0.32539688957651774,0,"(0.23, 0.416]"
Venezuela,2024-12,76,1,17,1,8,21,1.0,20.0,1,99.0,-23.0,1,2024,-114.60344827586206,-22.620689655172413,0.0,100.0,-22.0,2.25,,,,,,,,0,0,1,1,1,-0.35965517241379263,-20.637931034482758,0.0,0.0,0.0,0.3395480135371667,0,"(0.23, 0.416]"
